<?xml version="1.0" encoding="utf-8"?>
<unattend xmlns="urn:schemas-microsoft-com:unattend">

  <!-- 언어/키보드/지역: 한국 -->
  <settings pass="windowsPE">
    <component name="Microsoft-Windows-International-Core-WinPE" processorArchitecture="amd64" publicKeyToken="31bf3856ad364e35" language="neutral" versionScope="nonSxS">
      <InputLocale>ko-KR</InputLocale>
      <SystemLocale>ko-KR</SystemLocale>
      <UILanguage>ko-KR</UILanguage>
      <UserLocale>ko-KR</UserLocale>
    </component>
  </settings>

  <settings pass="oobeSystem">
    <component name="Microsoft-Windows-International-Core" processorArchitecture="amd64" publicKeyToken="31bf3856ad364e35" language="neutral" versionScope="nonSxS">
      <InputLocale>ko-KR</InputLocale>
      <SystemLocale>ko-KR</SystemLocale>
      <UILanguage>ko-KR</UILanguage>
      <UserLocale>ko-KR</UserLocale>
    </component>

    <component name="Microsoft-Windows-Shell-Setup" processorArchitecture="amd64" publicKeyToken="31bf3856ad364e35" language="neutral" versionScope="nonSxS">
      <OOBE>
        <HideEULAPage>true</HideEULAPage>
        <HideLocalAccountScreen>true</HideLocalAccountScreen>
        <HideOEMRegistrationScreen>true</HideOEMRegistrationScreen>
        <HideOnlineAccountScreens>true</HideOnlineAccountScreens>
        <HideWirelessSetupInOOBE>true</HideWirelessSetupInOOBE>
        <NetworkLocation>Work</NetworkLocation>
        <ProtectYourPC>3</ProtectYourPC>
      </OOBE>

      <!-- HKEDU 계정 자동 생성 (Administrator) -->
      <UserAccounts>
        <LocalAccounts>
          <LocalAccount wcm:action="add">
            <Name>HKEDU</Name>
            <Group>Administrators</Group>
            <Password>
              <Value></Value>
              <PlainText>true</PlainText>
            </Password>
            <DisplayName>HKEDU</DisplayName>
            <Description>HKEDU Administrator Account</Description>
          </LocalAccount>
        </LocalAccounts>
      </UserAccounts>

      <!-- 자동 로그인 -->
      <AutoLogon>
        <Password>
          <Value></Value>
          <PlainText>true</PlainText>
        </Password>
        <Enabled>true</Enabled>
        <Username>HKEDU</Username>
      </AutoLogon>

      <RegisteredOrganization>HKEDU Academy</RegisteredOrganization>
      <RegisteredOwner>HKEDU</RegisteredOwner>
      <TimeZone>Korea Standard Time</TimeZone>
    </component>
  </settings>

</unattend>
